FIRSTNAME,LASTNAME,JOB TITLE,DEPARTMENT,EMPLOYEE ANNUAL SALARY,ESTIMATED ANNUAL SALARY MINUS FURLOUGHS,
ARENDT,EDWARD C,ELECTRICAL MECHANIC,WATER MGMNT,84032,76627
ARLOWE JR,PATRICK J,MOTOR TRUCK DRIVER,WATER MGMNT,70408,70408
ARREDIA,GARY J,CONSTRUCTION LABORER,WATER MGMNT,73216,66764
ARREDONDO,TIMOTHY J,ELECTRICAL MECHANIC,WATER MGMNT,84032,76627
ARREDONDO,TIMOTHY J,ELECTRICAL MECHANIC,WATER MGMNT,84032,76627
ARROYO,LUIS G,MOTOR TRUCK DRIVER,WATER MGMNT,70408,70408
ARVETIS,CHRISTOPHER,CARPENTER,WATER MGMNT,84802,77329
ARZADON JR,MANUEL D,SEWER BRICKLAYER,WATER MGMNT,81182,74028
ATKINS,JOANNA M,WATER CHEMIST II,WATER MGMNT,73932,73932
ATKINS,LOUIS E,WATCHMAN,WATER MGMNT,40019,36493
AVALOS,RAYMOND D,STATION LABORER,WATER MGMNT,39504,36023
BABAPOUR,YADI M,FILTRATION ENGINEER V,WATER MGMNT,105240,105240
BABICH,LAWRENCE A,ELECTRICAL MECHANIC,WATER MGMNT,84032,76627
BACHMAN,RICHARD H,OPERATING ENGINEER-GROUP C,WATER MGMNT,82638,75356
BADER,EDMOUN B,FILTRATION ENGINEER III,WATER MGMNT,88140,88140
BADONSKI,EDWARD M,CONSTRUCTION LABORER,WATER MGMNT,73216,66764
BAGGETT,ANTHONY,CONSTRUCTION LABORER,WATER MGMNT,73216,66764
BAGGETT,ARCHIE L,CONSTRUCTION LABORER,WATER MGMNT,73216,66764
BAILEY,ROBERT J,STEAMFITTER,WATER MGMNT,89752,81843
BAJIC,JOHN A,WATER METER MACHINIST,WATER MGMNT,74256,67712
BALAGUER,ISRAEL,POOL MOTOR TRUCK DRIVER,WATER MGMNT,70408,70408
BALDUCCI,MARIO P,HOISTING ENGINEER,WATER MGMNT,93808,85541
BALESTRI,ROCCO A,CONSTRUCTION LABORER,WATER MGMNT,73216,66764
BALJEVICH,MARK O,CONSTRUCTION LABORER,WATER MGMNT,73216,66764
BALL,DONALD L,HOUSE DRAIN INSPECTOR,WATER MGMNT,93840,85571
BALLARD,LISA M,CONSTRUCTION LABORER,WATER MGMNT,73216,66764
BALTSAS,JOHN M,CIVIL ENGINEER III,WATER MGMNT,88140,88140
BALZANO,CECELIA M,DISTRICT CLERK,WATER MGMNT,50952,46462
BANDERA,EDWARD,STATIONARY FIREMAN,WATER MGMNT,61610,56180
BARAJAS,RAUL C,MOTOR TRUCK DRIVER,WATER MGMNT,70408,70408
BARBEE,HAROLD J,ASST DISTRICT SUPERINTENDENT,WATER MGMNT,97760,89145
BARCELONA,CHRISTOPHER J,ELECTRICAL MECHANIC,WATER MGMNT,84032,76627
BARCLAY,ERNEST R,PLUMBING INSPECTOR,WATER MGMNT,93840,85571
BARNES,FLENORY B,CONSTRUCTION LABORER,WATER MGMNT,73216,66764
BARNES,LINDA B,CONSTRUCTION LABORER (SUB-FOREMAN),WATER MGMNT,74880,68281
BARRETT,THOMAS C,ASST CHIEF OPERATING ENGINEER,WATER MGMNT,95680,87248
BARRON,ANGELO,WATER METER MACHINIST,WATER MGMNT,74256,67712
BARTUCCI,CHARLES,CONSTRUCTION LABORER,WATER MGMNT,73216,66764
BASILE,TOM P,OPERATING ENGINEER-GROUP C,WATER MGMNT,82638,75356
BASTIEN,MICHAEL T,HOISTING ENGINEER,WATER MGMNT,93808,85541
BASTIEN,ROBERT T,OPERATING ENGINEER-GROUP A,WATER MGMNT,86986,79320
BATTAGLIA,ANDREW L,MOTOR TRUCK DRIVER,WATER MGMNT,70408,70408
BATTAGLIA,JOSEPH,MOTOR TRUCK DRIVER,WATER MGMNT,70408,70408
BAWOLL,MARK J,CONSTRUCTION LABORER,WATER MGMNT,73216,66764
BAXTON,CEDRIC J,OPERATING ENGINEER-GROUP C,WATER MGMNT,82638,75356
BEAL,SAMUEL,MOTOR TRUCK DRIVER,WATER MGMNT,70408,70408
BEBERDICK,CRAIG T,ASST CHIEF OPERATING ENGINEER,WATER MGMNT,95680,87248
BEKOE,BENJAMIN O,ASST COMMISSIONER,WATER MGMNT,107952,98025
BELL JR,MILTON C,CONSTRUCTION LABORER,WATER MGMNT,73216,66764
BELL,MARCUS C,CONSTRUCTION LABORER,WATER MGMNT,73216,66764
BELOCH,JUDITH V,MOTOR TRUCK DRIVER,WATER MGMNT,70408,70408
BELTRAN,EDUARDO,ELECTRICAL MECHANIC,WATER MGMNT,84032,76627
BENAK,KEVIN R,EMERGENCY CREW DISPATCHER,WATER MGMNT,73216,66764
BENDER,JAMES F,CONSTRUCTION LABORER,WATER MGMNT,73216,66764
BENFORD,ABRAHAM J,POOL MOTOR TRUCK DRIVER,WATER MGMNT,70408,70408
ARELLANO,RAMON G,CONSTRUCTION LABORER (SUB-FOREMAN),WATER MGMNT,74880,68281
ARELLANO,RAMON,CONSTRUCTION LABORER,WATER MGMNT,73216,66764
ARCHER,CHRISTOPHER J,POOL MOTOR TRUCK DRIVER,WATER MGMNT,70408,70408
ARCHAMBEAULT,EDWARD H,ADMINISTRATIVE ASST III,WATER MGMNT,58548,58548
ARCE,JOSE A,MOTOR TRUCK DRIVER,WATER MGMNT,70408,70408
ARBAGEY,EDWIN T,CONSTRUCTION LABORER,WATER MGMNT,73216,66764
ANGLEMIRE,RUSSELL J,HOISTING ENGINEER,WATER MGMNT,93808,85541
ANDREWS,MICHAEL R,CONSTRUCTION LABORER,WATER MGMNT,73216,66764
ANDREWS,LORNA C,ACCOUNTANT III,WATER MGMNT,80808,80808
ANDERSON,THOMAS,EMERGENCY CREW DISPATCHER,WATER MGMNT,73216,66764
ANDERSON,PAUL L,MOTOR TRUCK DRIVER,WATER MGMNT,70408,70408
ANDERSON,LUIS F,OPERATING ENGINEER-GROUP A,WATER MGMNT,86986,79320
ANDERSON,IVY L,OPERATING ENGINEER-GROUP A,WATER MGMNT,86986,79320
ANDERSON,DONALD,FOREMAN OF WATER PIPE CONSTRUCTION,WATER MGMNT,95680,87248
ANDERSON,DAVID C,SEWER BRICKLAYER,WATER MGMNT,81182,74028
ANDERSON,ANDREW J,PLUMBER,WATER MGMNT,91520,83455
ANDERSON JR,ERNEST L,CONSTRUCTION LABORER,WATER MGMNT,73216,66764
ANDER,PERRY A,WATER CHEMIST II,WATER MGMNT,73932,73932
ANAWES,CHAMOON F,FILTRATION ENGINEER III,WATER MGMNT,88140,88140
AMELIO,RALPH C,MOTOR TRUCK DRIVER,WATER MGMNT,70408,70408
AMARO,KATHERINE M,PERSONAL COMPUTER OPERATOR II,WATER MGMNT,50952,50952
ALVIZU,RAYMOND M,POOL MOTOR TRUCK DRIVER,WATER MGMNT,70408,70408
ALVAREZ,ROBERT A,CONSTRUCTION LABORER,WATER MGMNT,73216,66764
ALVAREZ,PAUL,MOTOR TRUCK DRIVER,WATER MGMNT,70408,70408
ALVAREZ,MARGARITA,CHIEF CONTRACT EXPEDITER,WATER MGMNT,84780,76984
ALVAREZ,LOUIS D,WATER RATE TAKER,WATER MGMNT,73848,67340
ALVAREZ,JOSE S,PAINTER,WATER MGMNT,79040,72075
ALVARADO,GABRIEL,POOL MOTOR TRUCK DRIVER,WATER MGMNT,70408,70408
ALUISE,VINCENT G,CAULKER,WATER MGMNT,91520,83455
ALPERTO,EVARISTO P,CONSTRUCTION LABORER,WATER MGMNT,73216,66764
ALONZO,GREGORY P,PAINTER,WATER MGMNT,79040,72075
ALMARAZ,THOMAS,CONSTRUCTION LABORER,WATER MGMNT,73216,66764
ALLISON,KENNETH C,STATIONARY FIREMAN,WATER MGMNT,61610,56180
ALLEN,RUTH B,CIVIL ENGINEER III,WATER MGMNT,88140,88140
ALLEN,ROBERT,MACHINIST,WATER MGMNT,89773,81862
ALLEMAN,ROBERT R,OPERATING ENGINEER-GROUP A,WATER MGMNT,86986,79320
ALIASI,ERMINIO,CONSTRUCTION LABORER,WATER MGMNT,73216,66764
ALI,SYED H,CONSTRUCTION LABORER,WATER MGMNT,73216,66764
ALFICH,FRED T,HOISTING ENGINEER,WATER MGMNT,93808,85541
ALEXANDER,SAMUEL M,ASST DISTRICT SUPERINTENDENT,WATER MGMNT,97760,89145
ALEXANDER,HENRY E,SEWER BRICKLAYER,WATER MGMNT,81182,74028
ALDARONDO AGUIRRE,DELIA,MOTOR TRUCK DRIVER,WATER MGMNT,70408,70408
ALAM,MOHAMMAD H,WATER CHEMIST IV,WATER MGMNT,88140,88140
AL HAJJE,MOHAMAD H,FILTRATION ENGINEER IV,WATER MGMNT,96276,96276
AHMED,KHALID,CHIEF PROGRAMMER/ANALYST,WATER MGMNT,110352,100205
ADDESSO JR,FRANK J,MOTOR TRUCK DRIVER,WATER MGMNT,70408,70408
ADAPON,NENITA P,ACCOUNTING TECHNICIAN I,WATER MGMNT,48576,48576
ADAMS,RAPHERES,WATCHMAN,WATER MGMNT,40019,36493
ADAMS,EULA M,DATA ENTRY OPERATOR,WATER MGMNT,42264,42264
ACRES,EUGENE,CONSTRUCTION LABORER,WATER MGMNT,73216,66764
ACEVEDO,JOSE A,MOTOR TRUCK DRIVER,WATER MGMNT,70408,70408
ACEVEDO JR,JOE D,WATCHMAN,WATER MGMNT,40019,36493
ACCARDO,ANTHONY D,CONSTRUCTION LABORER,WATER MGMNT,73216,66764
ABUTALEB,AHMAD H,CIVIL ENGINEER II,WATER MGMNT,80808,80808
ABREU,PEDRO,WATER RATE TAKER,WATER MGMNT,64248,58586
ABREU,DILAN,SEWER BRICKLAYER,WATER MGMNT,81182,74028
ABRAHAM,GIRLEY T,CIVIL ENGINEER IV,WATER MGMNT,96276,96276
ABDUL-KARIM,MUHAMMAD A,ENGINEERING TECHNICIAN V,WATER MGMNT,81000,81000
ABBATACOLA,ROBERT J,ELECTRICAL MECHANIC,WATER MGMNT,84032,76627
ABAD JR,VICENTE M,CIVIL ENGINEER IV,WATER MGMNT,96276,96276
AARON,ELVIA J,WATER RATE TAKER,WATER MGMNT,81000,73862
